product_id,total_sales
580.0,61.39999999999999
4.0,49.6
834.0,46.6
740.0,44.5
638.0,43.9
122.0,42.529999999999994
631.0,36.92
215.0,35.699999999999996
486.0,34.9
291.0,34.33
