product_id,total_sales
580.0,55.199999999999996
4.0,50.4
596.0,40.7
740.0,39.7
486.0,36.800000000000004
215.0,36.2
76.0,35.199999999999996
500.0,32.9
769.0,32.4
638.0,32.1
